/*
SQLyog Ultimate v11.27 (32 bit)
MySQL - 5.6.34-log : Database - tcshop
*********************************************************************
*/

/*!40101 SET NAMES utf8 */;

/*!40101 SET SQL_MODE=''*/;

/*!40014 SET @OLD_UNIQUE_CHECKS=@@UNIQUE_CHECKS, UNIQUE_CHECKS=0 */;
/*!40014 SET @OLD_FOREIGN_KEY_CHECKS=@@FOREIGN_KEY_CHECKS, FOREIGN_KEY_CHECKS=0 */;
/*!40101 SET @OLD_SQL_MODE=@@SQL_MODE, SQL_MODE='NO_AUTO_VALUE_ON_ZERO' */;
/*!40111 SET @OLD_SQL_NOTES=@@SQL_NOTES, SQL_NOTES=0 */;
CREATE DATABASE /*!32312 IF NOT EXISTS*/`tcshop` /*!40100 DEFAULT CHARACTER SET utf8 */;

USE `tcshop`;

/*Table structure for table `book` */

DROP TABLE IF EXISTS `book`;

CREATE TABLE `book` (
  `sku` bigint(20) unsigned NOT NULL AUTO_INCREMENT,
  `category` varchar(50) NOT NULL,
  `fid` bigint(20) NOT NULL,
  PRIMARY KEY (`sku`)
) ENGINE=InnoDB AUTO_INCREMENT=1206155112061552 DEFAULT CHARSET=utf8;

/*Data for the table `book` */

insert  into `book`(`sku`,`category`,`fid`) values (12061551,'1713,3258,3297',3297),(12061559,'1713,3258,3297',3297),(12061704,'1713,3258,3297',3297),(12062369,'1713,3258,3297',3297),(12062419,'1713,3258,3297',3297),(12062425,'1713,3258,3297',3297),(12062427,'1713,3258,3297',3297),(12062429,'1713,3258,3297',3297),(12063273,'1713,3258,3297',3297),(12063353,'1713,3258,3297',3297),(12063469,'1713,3258,3297',3297),(12063507,'1713,3258,3297',3297),(12063651,'1713,3258,3297',3297),(12064068,'1713,3258,3297',3297),(12064225,'1713,3258,3297',3297),(12064227,'1713,3258,3297',3297),(12064284,'1713,3258,3297',3297),(12064533,'1713,3258,3297',3297),(12064626,'1713,3258,3297',3297),(12064979,'1713,3258,3297',3297);

/*Table structure for table `book_info` */

DROP TABLE IF EXISTS `book_info`;

CREATE TABLE `book_info` (
  `sku` bigint(20) unsigned NOT NULL,
  `book_name` varchar(150) NOT NULL,
  `format` varchar(8) DEFAULT NULL,
  `print_no` tinyint(1) DEFAULT NULL,
  `papers` varchar(12) DEFAULT NULL,
  `series` varchar(50) DEFAULT NULL,
  `bar_code` varchar(50) DEFAULT NULL,
  `author` varchar(24) DEFAULT NULL,
  `pack_num` bigint(20) DEFAULT NULL,
  `publishers` varchar(50) DEFAULT NULL,
  `china_catalog` varchar(20) DEFAULT NULL,
  `batch_no` tinyint(1) DEFAULT NULL,
  `keywords` varchar(150) DEFAULT NULL,
  `letters` bigint(8) DEFAULT NULL,
  `pages` bigint(8) DEFAULT NULL,
  `publish_time` date DEFAULT NULL,
  `first_category` bigint(20) DEFAULT NULL,
  `imagePath` varchar(200) DEFAULT NULL,
  `price` decimal(5,2) NOT NULL,
  `market_price` decimal(5,2) NOT NULL,
  `isbn` varchar(50) DEFAULT NULL,
  PRIMARY KEY (`sku`,`book_name`),
  KEY `letters` (`letters`),
  CONSTRAINT `fk_book_info_sku` FOREIGN KEY (`sku`) REFERENCES `book` (`sku`) ON DELETE CASCADE ON UPDATE CASCADE
) ENGINE=InnoDB DEFAULT CHARSET=utf8;

/*Data for the table `book_info` */

insert  into `book_info`(`sku`,`book_name`,`format`,`print_no`,`papers`,`series`,`bar_code`,`author`,`pack_num`,`publishers`,`china_catalog`,`batch_no`,`keywords`,`letters`,`pages`,`publish_time`,`first_category`,`imagePath`,`price`,`market_price`,`isbn`) values (12061551,'刺猬歌','32开',1,'胶版纸',NULL,'9787020120796','张炜',0,'人民文学出版社','1247.5',1,'长篇小说—中国-当代',347000,464,'2017-01-01',1713,'http://img11.360buyimg.com/n0/jfs/t4303/286/3352410449/365526/a09e0fcd/58df7b2eN04c83be1.jpg','29.80','37.00','9787020120796'),(12061559,'茅盾文学奖获奖作品全集（特装本）：黄雀记','32开',1,'胶版纸','茅盾文学奖获奖作品全集（特装本）','9787020119196','苏童',0,'人民文学出版社','I247.5',1,'Ⅰ．黄…，Ⅱ．苏…，Ⅲ．长篇小说—中国—当代',262000,404,'2017-02-01',1713,'http://img14.360buyimg.com/n0/jfs/t4678/337/1473061967/350856/ec68681f/58df6e66N67d026dd.jpg','32.10','43.00','9787020119196'),(12061704,'兄弟日','32开',1,'纯质纸',NULL,'9787550288478','阿悄',0,'北京联合出版公司','I247．5',1,'文学，长篇小说',NULL,NULL,'2016-11-01',1713,'http://img14.360buyimg.com/n0/jfs/t3706/221/1004782241/669289/821dfcd/581975a7N3ea86df6.jpg','28.40','39.00','9787550288478'),(12062369,'飞到世界的另一边','32开',1,'胶版纸',NULL,'9787539999227','赵波',0,'江苏凤凰文艺出版社',NULL,1,'长篇小说-中国-当代',NULL,268,'2017-04-01',1713,'http://img14.360buyimg.com/n0/jfs/t4951/203/708502397/70087/2dc9f22/58e707eaN7fcc9834.jpg','29.90','39.80','9787539999227'),(12062419,'独白与手势·蓝/潘军小说典藏','32开',0,'胶版纸','潘军小说典藏','97875396596199787539659619','潘军',0,'安徽文艺出版社',NULL,1,'中国，当代，长篇小说',NULL,280,'2017-02-01',1713,'http://img14.360buyimg.com/n0/jfs/t4429/236/2827671594/121550/5ce45295/58f5cfccN80ab0657.jpg','29.60','38.00','9787539659619'),(12062425,'这辈子 干革命','16开',0,'胶版纸',NULL,'97875396586819787539658681','李宁',0,'安徽文艺出版社',NULL,1,'中国，当代，长篇小说',NULL,451,'2017-03-01',1713,'http://img10.360buyimg.com/n0/jfs/t5038/326/1899531684/259146/747b1ccc/58f5cfcbN63167e59.jpg','30.30','38.00','9787539658681'),(12062427,'千机谋','16开',1,'轻型纸',NULL,'9787530671108','唐小蓝',0,'百花文艺出版社','I247．5',1,'长篇小说－中国－当代',NULL,328,'2017-03-01',1713,'http://img12.360buyimg.com/n0/jfs/t4999/16/732855554/2635662/444bf9f3/58e76028N3adf68c1.jpg','25.00','35.00','9787530671108'),(12062429,'解罪师：蝶变','16开',1,'轻型纸',NULL,'9787530671511','戴西',0,'百花文艺出版社','I247．5',1,'推理小说-中国-当代',350000,304,'2017-03-01',1713,'http://img14.360buyimg.com/n0/jfs/t4495/314/1841932443/514009/27735fda/58e761ffNb20328c6.jpg','24.20','35.00','9787530671511'),(12063273,'无眼人','32开',1,'纯质纸','联合读创','9787550298064','宋小君，丁墨，等',0,'北京联合出版公司','I247.7',1,'小说-悬疑小说',NULL,NULL,'2017-03-01',1713,'http://img13.360buyimg.com/n0/jfs/t4612/187/2006292736/185760/54767560/58ec950aNec4eefd5.jpg','26.70','39.80','9787550298064'),(12063353,'中国多民族文学丛书 英雄·木槿','16开',1,NULL,'中国多民族文学丛书','9787506392594',NULL,0,'作家出版社','I247．5',1,'长篇小说//中国//当代',NULL,142,'2017-02-01',1713,'http://img13.360buyimg.com/n0/jfs/t4840/246/1072160754/95847/b992c75b/58ec9a1cN6b49c01c.jpg','27.20','32.00','9787506392594'),(12063469,'对赌（全新修订版）','16开',0,'胶版纸',NULL,'9787540480141','陈楫宝',0,'湖南文艺出版社','I247．5',1,'长篇小说-中国-当代',363000,344,'2017-04-01',1713,'http://img14.360buyimg.com/n0/jfs/t4387/82/2060573643/106248/98dab867/58eb2f8cNcfdf6adf.jpg','29.00','42.00','9787540480141'),(12063507,'处男葛不垒','32开',1,'胶版纸',NULL,'9787020122271','徐皓峰',0,'人民文学出版社',NULL,1,'小说集-中国-当代',284000,325,'2017-03-01',1713,'http://img12.360buyimg.com/n0/jfs/t4510/83/1853678302/1465884/1c281e84/58e754c7Nddd96f7a.jpg','27.60','37.00','9787020122271'),(12063651,'嫌疑人的痕迹（2）','32开',1,'胶版纸',NULL,'9787550020313','纨纸',0,'百花洲文艺出版社','I247.5',1,'长篇小说－中国－当代',258000,315,'2017-01-01',1713,'http://img11.360buyimg.com/n0/jfs/t4957/299/2014464432/663557/1842c663/58f6fd97Nf7d28c8b.jpg','21.50','32.00','9787550020313'),(12064068,'平步青云','16',1,'胶版纸',NULL,'9787539997292','陈峻菁',0,'江苏文艺出版社','I247．5',1,'长篇小说－中国－当代',280000,304,'2017-01-01',1713,'http://img13.360buyimg.com/n0/jfs/t3376/258/1245748604/650574/d5e8a072/582029c2N4a55f5db.jpg','22.90','32.00','9787539997292'),(12064225,'许量公社1.借贷','其他',1,'胶版纸',NULL,'9787541145049','资本之鹰',0,'四川文艺出版社','I247．5',1,'长篇财经小说－中国－当代',NULL,NULL,'2017-05-01',1713,'http://img10.360buyimg.com/n0/jfs/t5050/165/1191400424/173865/77094984/58ede6dcNd0f89bab.jpg','34.60','48.00','9787541145049'),(12064227,'血路','16开',1,'胶版纸',NULL,'9787541145193','熊焱',0,'四川文艺出版社','I247．5',1,'长篇小说－中国－当代',NULL,NULL,'2017-04-01',1713,'http://img12.360buyimg.com/n0/jfs/t4882/286/1183477833/175512/24bb07aa/58eddf07N7fd4605e.jpg','27.40','38.00','9787541145193'),(12064284,'蓝名单','32开',1,'纯质纸',NULL,'9787514214918','杨少衡',0,'文化发展出版社','I247．5',1,'《蓝名单》杨少衡，蒋韵，孙春平',123000,238,'2016-12-01',1713,'http://img14.360buyimg.com/n0/jfs/t3706/343/1269643896/159084/e8109632/582163e4N72865278.jpg','30.00','38.00','9787514214918'),(12064533,'一条狗的使命','32开',1,'轻型纸',NULL,'9787540480295','[美]W.布鲁斯·卡梅隆',0,'湖南文艺出版社','I712．45',1,'长篇小说-美国-现代',NULL,253,'2017-04-01',1713,'http://img13.360buyimg.com/n0/jfs/t4531/241/2142096322/276510/71bdafb9/58ec7c07Nc201cba4.jpg','25.80','34.00','9787540480295'),(12064626,'寒川一梦','16开',1,'胶版纸',NULL,'9787547235621','寒霜',0,'吉林文史出版社',NULL,1,NULL,220000,191,'2016-10-01',1713,'http://img11.360buyimg.com/n0/jfs/t3682/234/1378281840/186929/453a4dbe/58245347Nab2c94b6.jpg','19.60','35.00','9787547235621'),(12064979,'莽荒诡境1','16开',1,'纯质纸','莽荒诡境','9787568236270','无意归',0,'北京理工大学出版社',NULL,1,NULL,247000,311,'2017-03-01',1713,'http://img14.360buyimg.com/n0/jfs/t5005/242/2526505819/749121/6f743773/5901ac37Nec903095.jpg','28.40','35.00','9787568236270');

/*Table structure for table `catalog` */

DROP TABLE IF EXISTS `catalog`;

CREATE TABLE `catalog` (
  `id` bigint(20) unsigned NOT NULL AUTO_INCREMENT,
  `fid` bigint(20) unsigned DEFAULT '0',
  `name` varchar(50) COLLATE utf8_bin DEFAULT NULL,
  `library` varchar(50) COLLATE utf8_bin DEFAULT 'jd',
  `ico` varchar(150) COLLATE utf8_bin DEFAULT NULL,
  `lev` tinyint(4) DEFAULT NULL,
  `order` bigint(20) DEFAULT NULL,
  `hide` tinyint(1) DEFAULT '0',
  `state` tinyint(1) DEFAULT '0',
  PRIMARY KEY (`id`)
) ENGINE=InnoDB AUTO_INCREMENT=13684 DEFAULT CHARSET=utf8 COLLATE=utf8_bin;

/*Data for the table `catalog` */

insert  into `catalog`(`id`,`fid`,`name`,`library`,`ico`,`lev`,`order`,`hide`,`state`) values (1713,0,'京东图书','jd',NULL,1,1,0,1),(3258,1713,'小说','jd',NULL,2,1,0,1),(3259,1713,'文学','jd',NULL,2,2,0,1),(3260,1713,'青春文学','jd',NULL,2,4,0,1),(3261,1713,'传记','jd',NULL,2,4,0,1),(3262,1713,'艺术','jd',NULL,2,5,0,1),(3263,1713,'童书','jd',NULL,2,7,0,1),(3264,1713,'经济','jd',NULL,2,7,0,1),(3265,1713,'金融与投资','jd',NULL,2,8,0,1),(3266,1713,'管理','jd',NULL,2,9,0,1),(3267,1713,'励志与成功','jd',NULL,2,10,0,1),(3269,1713,'健身与保健','jd',NULL,2,12,0,1),(3270,1713,'育儿/家教','jd',NULL,2,12,0,1),(3271,1713,'旅游/地图','jd',NULL,2,14,0,1),(3272,1713,'动漫','jd',NULL,2,15,0,1),(3273,1713,'历史','jd',NULL,2,16,0,1),(3274,1713,'哲学/宗教','jd',NULL,2,17,0,1),(3275,1713,'国学/古籍','jd',NULL,2,18,0,1),(3276,1713,'政治/军事','jd',NULL,2,19,0,1),(3277,1713,'法律','jd',NULL,2,20,0,1),(3279,1713,'心理学','jd',NULL,2,22,0,1),(3280,1713,'文化','jd',NULL,2,23,0,1),(3281,1713,'社会科学','jd',NULL,2,24,0,1),(3282,1713,'工业技术','jd',NULL,2,25,0,1),(3284,1713,'建筑','jd',NULL,2,27,0,1),(3285,1713,'医学','jd',NULL,2,28,0,1),(3286,1713,'科学与自然','jd',NULL,2,35,0,1),(3287,1713,'计算机与互联网','jd',NULL,2,30,0,1),(3288,1713,'体育/运动','jd',NULL,2,36,0,1),(3289,1713,'中小学教辅','jd',NULL,2,37,0,1),(3290,1713,'考试','jd',NULL,2,33,0,1),(3291,1713,'外语学习','jd',NULL,2,34,0,1),(3294,1713,'字典词典/工具书','jd',NULL,2,41,0,1),(3296,1713,'套装书','jd',NULL,2,46,0,1),(3297,3258,'中国当代小说','jd',NULL,3,1,0,0),(3298,3258,'中国近现代小说','jd',NULL,3,2,0,0),(3299,3258,'中国古典小说','jd',NULL,3,3,0,0),(3300,3258,'四大名著','jd',NULL,3,4,0,0),(3301,3258,'港澳台小说','jd',NULL,3,5,0,0),(3302,3258,'穿越/重生/架空','jd',NULL,3,6,0,0),(3303,3258,'外国小说','jd',NULL,3,7,0,0),(3304,3258,'侦探/悬疑/推理','jd',NULL,3,8,0,0),(3305,3258,'惊悚/恐怖','jd',NULL,3,9,0,0),(3306,3258,'魔幻/奇幻/玄幻','jd',NULL,3,13,0,0),(3307,3258,'武侠','jd',NULL,3,14,0,0),(3308,3258,'军事','jd',NULL,3,15,0,0),(3309,3258,'情感/家庭/婚姻','jd',NULL,3,16,0,0),(3310,3258,'宫廷','jd',NULL,3,17,0,0),(3311,3258,'社会','jd',NULL,3,18,0,0),(3312,3258,'都市','jd',NULL,3,19,0,0),(3313,3258,'乡土','jd',NULL,3,20,0,0),(3314,3258,'职场','jd',NULL,3,21,0,0),(3315,3258,'财经','jd',NULL,3,22,0,0),(3316,3258,'官场','jd',NULL,3,23,0,0),(3317,3258,'历史','jd',NULL,3,24,0,0),(3318,3258,'影视小说','jd',NULL,3,25,0,0),(3319,3258,'作品集','jd',NULL,3,26,0,0),(3320,3258,'世界名著','jd',NULL,3,27,0,0),(3321,3258,'期刊杂志','jd',NULL,3,28,0,0),(3324,3259,'文学理论','jd',NULL,3,12,0,0),(3325,3259,'文学评论与研究','jd',NULL,3,14,0,0),(3326,3259,'文学史','jd',NULL,3,13,0,0),(3327,3259,'作品集','jd',NULL,3,7,0,0),(3328,3259,'名家作品','jd',NULL,3,5,0,0),(3329,3259,'儿童文学','jd',NULL,3,6,0,0),(3330,3259,'纪实文学','jd',NULL,3,8,0,0),(3331,3259,'民间文学','jd',NULL,3,9,0,0),(3332,3259,'影视文学','jd',NULL,3,10,0,0),(3333,3259,'散文/随笔/书信','jd',NULL,3,1,0,0),(3334,3259,'诗歌词曲','jd',NULL,3,2,0,0),(3335,3259,'期刊杂志','jd',NULL,3,15,0,0),(3336,3259,'中国文学','jd',NULL,3,3,0,0),(3337,3259,'外国文学','jd',NULL,3,4,0,0),(3338,3260,'校园','jd',NULL,3,1,0,0),(3339,3260,'爱情/情感','jd',NULL,3,2,0,0),(3340,3260,'叛逆/成长','jd',NULL,3,3,0,0),(3341,3260,'悬疑/惊悚','jd',NULL,3,4,0,0),(3342,3260,'娱乐/偶像','jd',NULL,3,5,0,0),(3343,3260,'爆笑/无厘头','jd',NULL,3,6,0,0),(3344,3260,'玄幻/科幻/新武侠','jd',NULL,3,7,0,0),(3345,3260,'大陆原创','jd',NULL,3,8,0,0),(3346,3260,'港台青春文学','jd',NULL,3,9,0,0),(3347,3260,'韩国青春文学','jd',NULL,3,10,0,0),(3348,3260,'其他国外青春文学','jd',NULL,3,11,0,0),(3350,3261,'历史人物','jd',NULL,3,1,0,0),(3351,3261,'经典传记','jd',NULL,3,2,0,0),(3352,3261,'历代帝王','jd',NULL,3,3,0,0),(3353,3261,'领袖首脑','jd',NULL,3,4,0,0),(3354,3261,'军事人物','jd',NULL,3,5,0,0),(3355,3261,'政治人物','jd',NULL,3,6,0,0),(3356,3261,'财经人物','jd',NULL,3,7,0,0),(3357,3261,'宗教人物','jd',NULL,3,8,0,0),(3358,3261,'女性人物','jd',NULL,3,9,0,0),(3359,3261,'体坛之星','jd',NULL,3,10,0,0),(3360,3261,'文娱明星','jd',NULL,3,11,0,0),(3361,3261,'科学家','jd',NULL,3,12,0,0),(3362,3261,'建筑师/设计师','jd',NULL,3,13,0,0),(3363,3261,'艺术家','jd',NULL,3,14,0,0),(3364,3261,'文学家','jd',NULL,3,15,0,0),(3365,3261,'学者','jd',NULL,3,16,0,0),(3366,3261,'社会百相','jd',NULL,3,19,0,0),(3367,3261,'自传','jd',NULL,3,17,0,0),(3368,3261,'家族研究与传记','jd',NULL,3,20,0,0),(3369,3261,'姓氏谱系','jd',NULL,3,21,0,0),(3370,3261,'哲学家','jd',NULL,3,15,0,0),(3371,3262,'艺术理论与评论','jd',NULL,3,15,0,0),(3372,3262,'艺术史','jd',NULL,3,14,0,0),(3373,3262,'世界各国艺术概况','jd',NULL,3,16,0,0),(3374,3262,'鉴赏收藏','jd',NULL,3,9,0,0),(3376,3262,'篆刻','jd',NULL,3,4,0,0),(3378,3262,'动画','jd',NULL,3,6,0,0),(3379,3262,'设计','jd',NULL,3,2,0,0),(3380,3262,'影视','jd',NULL,3,7,0,0),(3381,3262,'雕塑','jd',NULL,3,12,0,0),(3382,3262,'建筑','jd',NULL,3,10,0,0),(3383,3262,'人体艺术','jd',NULL,3,8,0,0),(3384,3262,'舞蹈','jd',NULL,3,11,0,0),(3385,3262,'舞台艺术戏剧','jd',NULL,3,17,0,0),(3386,3262,'工艺美术','jd',NULL,3,18,0,0),(3387,3262,'民间艺术','jd',NULL,3,19,0,0),(3388,3262,'艺术品拍卖','jd',NULL,3,20,0,0),(3389,3262,'艺术辞典与工具书','jd',NULL,3,21,0,0),(3391,3263,'动漫/卡通','jd',NULL,3,7,0,0),(3392,3263,'少儿国学','jd',NULL,3,13,0,0),(3393,3263,'学前教育','jd',NULL,3,10,0,0),(3394,3263,'儿童文学','jd',NULL,3,1,0,0),(3395,3263,'幼儿启蒙','jd',NULL,3,5,0,0),(3396,3263,'手工/游戏','jd',NULL,3,4,0,0),(3397,3263,'音乐/舞蹈','jd',NULL,3,11,0,0),(3398,3263,'智力开发','jd',NULL,3,6,0,0),(3399,3263,'科普/百科','jd',NULL,3,2,0,0),(3400,3263,'励志/成长','jd',NULL,3,9,0,0),(3401,3263,'少儿英语','jd',NULL,3,14,0,0),(3402,3263,'0-2岁','jd',NULL,3,17,0,0),(3403,3263,'3-6岁','jd',NULL,3,18,0,0),(3404,3263,'7-10岁','jd',NULL,3,19,0,0),(3405,3263,'11-14岁','jd',NULL,3,20,0,0),(3406,3264,'经典著作','jd',NULL,3,2,0,0),(3407,3264,'世界经济','jd',NULL,3,3,0,0),(3408,3264,'中国经济','jd',NULL,3,5,0,0),(3409,3264,'会计、审计','jd',NULL,3,1,0,0),(3410,3264,'工具书与参考书','jd',NULL,3,14,0,0),(3411,3264,'经济体制与改革','jd',NULL,3,8,0,0),(3412,3264,'经济计划与管理','jd',NULL,3,10,0,0),(3413,3264,'经济史','jd',NULL,3,12,0,0),(3414,3264,'经济学理论','jd',NULL,3,6,0,0),(3415,3264,'职业资格考试','jd',NULL,3,4,0,0),(3416,3264,'行业经济','jd',NULL,3,7,0,0),(3417,3264,'财政税收','jd',NULL,3,11,0,0),(3418,3264,'贸易经济','jd',NULL,3,9,0,0),(3419,3264,'通俗读物','jd',NULL,3,15,0,0),(3421,3264,'工业经济','jd',NULL,3,13,0,0),(3422,3265,'中国金融银行','jd',NULL,3,6,0,0),(3423,3265,'保险','jd',NULL,3,11,0,0),(3424,3265,'信用管理与信贷','jd',NULL,3,10,0,0),(3425,3265,'各国金融银行','jd',NULL,3,4,0,0),(3426,3265,'国际金融','jd',NULL,3,2,0,0),(3427,3265,'基金','jd',NULL,3,9,0,0),(3428,3265,'投资','jd',NULL,3,1,0,0),(3429,3265,'期货','jd',NULL,3,3,0,0),(3430,3265,'股票','jd',NULL,3,5,0,0),(3431,3265,'证券','jd',NULL,3,7,0,0),(3432,3265,'个人理财','jd',NULL,3,13,0,0),(3433,3265,'货币银行学','jd',NULL,3,8,0,0),(3434,3265,'金融市场与管理','jd',NULL,3,12,0,0),(3435,3265,'金融理论','jd',NULL,3,14,0,0),(3436,3265,'企业并购','jd',NULL,3,15,0,0),(3437,3266,'经典著作','jd',NULL,3,1,0,0),(3438,3266,'MBA与工商管理','jd',NULL,3,2,0,0),(3439,3266,'人力资源管理','jd',NULL,3,3,0,0),(3440,3266,'创业/商业史传','jd',NULL,3,4,0,0),(3441,3266,'企业管理与培训','jd',NULL,3,5,0,0),(3442,3266,'供应链管理','jd',NULL,3,6,0,0),(3443,3266,'商务实务','jd',NULL,3,7,0,0),(3444,3266,'市场营销','jd',NULL,3,8,0,0),(3445,3266,'战略管理','jd',NULL,3,9,0,0),(3446,3266,'生产与运作管理','jd',NULL,3,10,0,0),(3447,3266,'电子商务','jd',NULL,3,11,0,0),(3448,3266,'管理信息系统','jd',NULL,3,12,0,0),(3449,3266,'管理学','jd',NULL,3,13,0,0),(3450,3266,'管理工具书','jd',NULL,3,14,0,0),(3451,3266,'财务管理','jd',NULL,3,15,0,0),(3452,3266,'通俗读物','jd',NULL,3,16,0,0),(3453,3266,'项目管理','jd',NULL,3,17,0,0),(3454,3266,'领导学','jd',NULL,3,18,0,0),(3456,3267,'经典著作','jd',NULL,3,1,0,0),(3457,3267,'个人形象','jd',NULL,3,2,0,0),(3458,3267,'人在职场','jd',NULL,3,3,0,0),(3459,3267,'人际与社交','jd',NULL,3,4,0,0),(3460,3267,'创业必修','jd',NULL,3,5,0,0),(3461,3267,'励志小品','jd',NULL,3,6,0,0),(3462,3267,'大师谈励志','jd',NULL,3,7,0,0),(3463,3267,'女性励志','jd',NULL,3,8,0,0),(3464,3267,'男性励志','jd',NULL,3,9,0,0),(3465,3267,'名人励志','jd',NULL,3,10,0,0),(3466,3267,'心灵鸡汤','jd',NULL,3,11,0,0),(3467,3267,'成功学','jd',NULL,3,12,0,0),(3468,3267,'文明礼仪','jd',NULL,3,13,0,0),(3469,3267,'智慧格言','jd',NULL,3,14,0,0),(3470,3267,'演讲与口才','jd',NULL,3,15,0,0),(3471,3267,'自我完善','jd',NULL,3,16,0,0),(3472,3267,'自我调节','jd',NULL,3,17,0,0),(3473,3267,'行业成功指南','jd',NULL,3,18,0,0),(3474,3267,'青少年励志/大学生指南','jd',NULL,3,19,0,0),(3476,3267,'情商管理','jd',NULL,3,21,0,0),(3477,3267,'性格/习惯','jd',NULL,3,22,0,0),(3492,3269,'上班族保健','jd',NULL,3,1,0,0),(3493,3269,'两性健康','jd',NULL,3,2,0,0),(3494,3269,'中老年健康','jd',NULL,3,3,0,0),(3495,3269,'养生','jd',NULL,3,4,0,0),(3496,3269,'五官护理','jd',NULL,3,5,0,0),(3497,3269,'孕产妇保健','jd',NULL,3,6,0,0),(3498,3269,'家庭保健','jd',NULL,3,7,0,0),(3499,3269,'常见病预防与治疗','jd',NULL,3,8,0,0),(3500,3269,'心理健康','jd',NULL,3,9,0,0),(3501,3269,'急救常识','jd',NULL,3,10,0,0),(3502,3269,'瑜伽/美体','jd',NULL,3,11,0,0),(3503,3269,'婴幼儿保健','jd',NULL,3,12,0,0),(3504,3269,'运动健身','jd',NULL,3,13,0,0),(3505,3269,'保健食谱','jd',NULL,3,14,0,0),(3506,3269,'中医保健','jd',NULL,3,15,0,0),(3509,3270,'育儿百科','jd',NULL,3,9,0,0),(3511,3270,'婴幼儿饮食','jd',NULL,3,10,0,0),(3512,3270,'亲子关系','jd',NULL,3,7,0,0),(3518,3271,'主题旅游','jd',NULL,3,13,0,0),(3519,3271,'国内游','jd',NULL,3,3,0,0),(3520,3271,'国外游','jd',NULL,3,5,0,0),(3521,3271,'导游必备','jd',NULL,3,8,0,0),(3522,3271,'户外探险','jd',NULL,3,4,0,0),(3523,3271,'旅游地图','jd',NULL,3,6,0,0),(3524,3271,'旅游指南','jd',NULL,3,9,0,0),(3525,3271,'旅游摄影','jd',NULL,3,2,0,0),(3526,3271,'旅游期刊','jd',NULL,3,12,0,0),(3527,3271,'旅游理论与实务','jd',NULL,3,14,0,0),(3529,3271,'旅游随笔','jd',NULL,3,1,0,0),(3530,3271,'热点游','jd',NULL,3,11,0,0),(3531,3271,'自助游','jd',NULL,3,7,0,0),(3532,3271,'明信片','jd',NULL,3,10,0,0),(3533,3272,'大陆动漫','jd',NULL,3,2,0,0),(3534,3272,'港台动漫','jd',NULL,3,4,0,0),(3535,3272,'日本动漫','jd',NULL,3,1,0,0),(3536,3272,'欧美动漫','jd',NULL,3,3,0,0),(3537,3272,'其他国外动漫','jd',NULL,3,5,0,0),(3539,3272,'连环画','jd',NULL,3,6,0,0),(3540,3272,'动漫学堂','jd',NULL,3,10,0,0),(3541,3272,'爆笑漫画','jd',NULL,3,9,0,0),(3542,3273,'史学理论','jd',NULL,3,11,0,0),(3543,3273,'经典著作','jd',NULL,3,3,0,0),(3544,3273,'世界史','jd',NULL,3,2,0,0),(3545,3273,'中国史','jd',NULL,3,1,0,0),(3546,3273,'历史热点','jd',NULL,3,8,0,0),(3547,3273,'史家名著','jd',NULL,3,4,0,0),(3548,3273,'逸闻野史','jd',NULL,3,7,0,0),(3549,3273,'文物考古','jd',NULL,3,9,0,0),(3550,3273,'风俗习惯','jd',NULL,3,10,0,0),(3551,3273,'历史工具书','jd',NULL,3,14,0,0),(3554,3273,'历史研究与评论','jd',NULL,3,12,0,0),(3555,3273,'民族史','jd',NULL,3,13,0,0),(3556,3273,'通俗说史','jd',NULL,3,5,0,0),(3557,3274,'哲学经典著作','jd',NULL,3,1,0,0),(3558,3274,'中国哲学','jd',NULL,3,2,0,0),(3559,3274,'东方哲学','jd',NULL,3,3,0,0),(3560,3274,'西方哲学','jd',NULL,3,4,0,0),(3561,3274,'哲学理论与流派','jd',NULL,3,5,0,0),(3566,3274,'马克思哲学','jd',NULL,3,10,0,0),(3570,3274,'思维科学','jd',NULL,3,14,0,0),(3571,3274,'美学','jd',NULL,3,15,0,0),(3572,3274,'逻辑学','jd',NULL,3,16,0,0),(3573,3274,'伦理学','jd',NULL,3,17,0,0),(3578,3275,'书目辞典','jd',NULL,3,17,0,0),(3579,3275,'古籍善本影印本','jd',NULL,3,19,0,0),(3581,3275,'国学普及读物','jd',NULL,3,15,0,0),(3582,3276,'政治经典著作','jd',NULL,3,1,0,0),(3583,3276,'世界政治','jd',NULL,3,2,0,0),(3584,3276,'中国共产党','jd',NULL,3,3,0,0),(3585,3276,'中国政治','jd',NULL,3,4,0,0),(3586,3276,'党政读物','jd',NULL,3,5,0,0),(3587,3276,'各国共产党','jd',NULL,3,6,0,0),(3588,3276,'各国政治','jd',NULL,3,7,0,0),(3589,3276,'外交、国际关系','jd',NULL,3,8,0,0),(3590,3276,'工人、农民、青年、妇女运动与组织','jd',NULL,3,9,0,0),(3591,3276,'政治热点','jd',NULL,3,10,0,0),(3592,3276,'政治理论','jd',NULL,3,11,0,0),(3593,3276,'政治考试和教材','jd',NULL,3,13,0,0),(3594,3276,'马克思主义理论','jd',NULL,3,14,0,0),(3595,3276,'经典军事著作','jd',NULL,3,15,0,0),(3596,3276,'中国军事','jd',NULL,3,16,0,0),(3597,3276,'世界军事','jd',NULL,3,17,0,0),(3598,3276,'军事理论','jd',NULL,3,18,0,0),(3599,3276,'军事技术','jd',NULL,3,19,0,0),(3600,3276,'战略战术战役','jd',NULL,3,20,0,0),(3601,3276,'武器装备','jd',NULL,3,21,0,0),(3602,3276,'反恐','jd',NULL,3,22,0,0),(3603,3276,'军事教材','jd',NULL,3,23,0,0),(3604,3276,'军事文学','jd',NULL,3,24,0,0),(3605,3276,'军事史','jd',NULL,3,25,0,0),(3606,3277,'经典著作','jd',NULL,3,1,0,0),(3607,3277,'理论法学','jd',NULL,3,2,0,0),(3608,3277,'法律史','jd',NULL,3,3,0,0),(3609,3277,'刑法','jd',NULL,3,4,0,0),(3610,3277,'司法制度','jd',NULL,3,5,0,0),(3611,3277,'司法案例与司法解释','jd',NULL,3,6,0,0),(3612,3277,'司法考试','jd',NULL,3,7,0,0),(3613,3277,'商法','jd',NULL,3,8,0,0),(3614,3277,'国家法、宪法','jd',NULL,3,9,0,0),(3615,3277,'外国法律与港澳台法律','jd',NULL,3,10,0,0),(3616,3277,'民法','jd',NULL,3,11,0,0),(3617,3277,'法学文集','jd',NULL,3,12,0,0),(3618,3277,'法律工具书','jd',NULL,3,13,0,0),(3619,3277,'法律教材与法律考试','jd',NULL,3,14,0,0),(3620,3277,'法律文书写作','jd',NULL,3,15,0,0),(3621,3277,'法律普及读物','jd',NULL,3,16,0,0),(3622,3277,'法律期刊','jd',NULL,3,17,0,0),(3623,3277,'法律法规','jd',NULL,3,18,0,0),(3624,3277,'经济法','jd',NULL,3,19,0,0),(3625,3277,'行政法','jd',NULL,3,20,0,0),(3626,3277,'国际法','jd',NULL,3,21,0,0),(3627,3277,'司法鉴定','jd',NULL,3,22,0,0),(3628,3277,'犯罪学','jd',NULL,3,23,0,0),(3629,3277,'刑事侦查学（犯罪对策学、犯罪侦查学）','jd',NULL,3,24,0,0),(3630,3277,'法医学','jd',NULL,3,25,0,0),(3631,3277,'诉讼法','jd',NULL,3,26,0,0),(3632,3277,'网络法律法规','jd',NULL,3,27,0,0),(3633,3277,'法律实务','jd',NULL,3,28,0,0),(3646,3279,'经典著作','jd',NULL,3,1,0,0),(3647,3279,'大众心理学','jd',NULL,3,2,0,0),(3648,3279,'社会心理学','jd',NULL,3,3,0,0),(3649,3279,'人格心理学','jd',NULL,3,4,0,0),(3650,3279,'心理咨询与治疗','jd',NULL,3,5,0,0),(3651,3279,'女性心理学','jd',NULL,3,6,0,0),(3652,3279,'变态/病态心理学','jd',NULL,3,7,0,0),(3653,3279,'应用心理学','jd',NULL,3,8,0,0),(3654,3279,'心理健康','jd',NULL,3,9,0,0),(3655,3279,'儿童/青少年心理学','jd',NULL,3,10,0,0),(3656,3279,'心理学理论','jd',NULL,3,11,0,0),(3657,3279,'心理学研究方法','jd',NULL,3,12,0,0),(3658,3279,'心理百科','jd',NULL,3,13,0,0),(3659,3279,'心灵疗愈/催眠','jd',NULL,3,14,0,0),(3660,3279,'生理心理学','jd',NULL,3,15,0,0),(3661,3280,'文化理论','jd',NULL,3,1,0,0),(3662,3280,'文化史','jd',NULL,3,2,0,0),(3663,3280,'方针政策及其阐述','jd',NULL,3,3,0,0),(3664,3280,'文化评述','jd',NULL,3,4,0,0),(3665,3280,'文化研究','jd',NULL,3,5,0,0),(3666,3280,'文化交流/文化产业','jd',NULL,3,6,0,0),(3667,3280,'文化专题研究','jd',NULL,3,7,0,0),(3668,3280,'地域文化','jd',NULL,3,8,0,0),(3669,3280,'传统文化','jd',NULL,3,9,0,0),(3670,3280,'民俗文化','jd',NULL,3,10,0,0),(3671,3280,'民族文化','jd',NULL,3,11,0,0),(3672,3280,'文化刊物','jd',NULL,3,12,0,0),(3673,3280,'世界各国文化','jd',NULL,3,13,0,0),(3674,3281,'经典著作','jd',NULL,3,1,0,0),(3675,3281,'人口学','jd',NULL,3,5,0,0),(3676,3281,'人才学','jd',NULL,3,6,0,0),(3677,3281,'人类学','jd',NULL,3,7,0,0),(3678,3281,'民族学','jd',NULL,3,9,0,0),(3679,3281,'社会结构和社会关系','jd',NULL,3,8,0,0),(3680,3281,'社会生活与社会问题','jd',NULL,3,10,0,0),(3681,3281,'社会调查','jd',NULL,3,12,0,0),(3682,3281,'社会保障','jd',NULL,3,14,0,0),(3683,3281,'社会学','jd',NULL,3,11,0,0),(3684,3281,'社会科学丛书、文集、连续出版物','jd',NULL,3,13,0,0),(3685,3281,'社会科学文献检索','jd',NULL,3,15,0,0),(3687,3281,'社会科学理论','jd',NULL,3,16,0,0),(3688,3281,'公共关系','jd',NULL,3,17,0,0),(3689,3281,'社区','jd',NULL,3,19,0,0),(3690,3281,'统计学','jd',NULL,3,18,0,0),(3691,3282,'汽车与车辆','jd',NULL,3,6,0,0),(3692,3282,'交通运输','jd',NULL,3,7,0,0),(3694,3282,'一般工业技术','jd',NULL,3,10,0,0),(3700,3282,'化学工业','jd',NULL,3,15,0,0),(3701,3282,'原子能技术','jd',NULL,3,11,0,0),(3702,3282,'参考工具书','jd',NULL,3,26,0,0),(3703,3282,'工业技术理论','jd',NULL,3,28,0,0),(3704,3282,'机构、团体、会议','jd',NULL,3,29,0,0),(3705,3282,'食品安全','jd',NULL,3,25,0,0),(3706,3282,'武器工业','jd',NULL,3,17,0,0),(3707,3282,'石油、天然气工业','jd',NULL,3,14,0,0),(3708,3282,'自动化技术','jd',NULL,3,5,0,0),(3709,3282,'轻工业、手工业','jd',NULL,3,16,0,0),(3710,3282,'金属学与金属工艺','jd',NULL,3,4,0,0),(3728,3284,'园林景观','jd',NULL,3,1,0,0),(3729,3284,'土力学、地基基础工程','jd',NULL,3,2,0,0),(3730,3284,'城乡建设、市政工程、环境工程','jd',NULL,3,3,0,0),(3731,3284,'城市规划、城市设计','jd',NULL,3,4,0,0),(3732,3284,'室内设计、装饰装修','jd',NULL,3,5,0,0),(3733,3284,'建筑工具书','jd',NULL,3,6,0,0),(3734,3284,'工程监理','jd',NULL,3,7,0,0),(3735,3284,'建筑制图','jd',NULL,3,8,0,0),(3736,3284,'建筑勘测','jd',NULL,3,9,0,0),(3737,3284,'建筑史','jd',NULL,3,10,0,0),(3738,3284,'建筑基础科学','jd',NULL,3,11,0,0),(3739,3284,'建筑工程经济与管理','jd',NULL,3,12,0,0),(3740,3284,'建筑施工与机械设备','jd',NULL,3,13,0,0),(3741,3284,'建筑材料','jd',NULL,3,14,0,0),(3742,3284,'建筑类教材与教辅','jd',NULL,3,15,0,0),(3743,3284,'建筑结构','jd',NULL,3,16,0,0),(3744,3284,'建筑艺术','jd',NULL,3,17,0,0),(3745,3284,'建筑设计','jd',NULL,3,18,0,0),(3746,3284,'房地产开发管理','jd',NULL,3,19,0,0),(3747,3284,'物业管理','jd',NULL,3,20,0,0),(3748,3284,'房屋建筑设备','jd',NULL,3,21,0,0),(3749,3284,'执业资格考试用书','jd',NULL,3,22,0,0),(3750,3284,'标准和规范','jd',NULL,3,23,0,0),(3751,3284,'法律法规','jd',NULL,3,24,0,0),(3752,3284,'建筑经济','jd',NULL,3,25,0,0),(3753,3285,'医学理论与研究','jd',NULL,3,1,0,0),(3754,3285,'预防医学、卫生学','jd',NULL,3,2,0,0),(3755,3285,'中国医学','jd',NULL,3,3,0,0),(3756,3285,'基础医学','jd',NULL,3,4,0,0),(3757,3285,'临床医学','jd',NULL,3,5,0,0),(3758,3285,'护理学','jd',NULL,3,6,0,0),(3759,3285,'内科学','jd',NULL,3,7,0,0),(3760,3285,'外科学','jd',NULL,3,8,0,0),(3761,3285,'妇产科学','jd',NULL,3,9,0,0),(3762,3285,'儿科学','jd',NULL,3,10,0,0),(3763,3285,'肿瘤学','jd',NULL,3,11,0,0),(3764,3285,'神经病学与精神病学','jd',NULL,3,12,0,0),(3765,3285,'皮肤病学与性病学','jd',NULL,3,13,0,0),(3766,3285,'耳鼻咽喉科学','jd',NULL,3,14,0,0),(3767,3285,'眼科学','jd',NULL,3,15,0,0),(3768,3285,'口腔科学','jd',NULL,3,16,0,0),(3769,3285,'民族医学','jd',NULL,3,17,0,0),(3770,3285,'特种医学','jd',NULL,3,18,0,0),(3771,3285,'药学','jd',NULL,3,19,0,0),(3772,3285,'动物医学','jd',NULL,3,20,0,0),(3773,3285,'急诊学','jd',NULL,3,21,0,0),(3774,3285,'医学文献','jd',NULL,3,22,0,0),(3775,3285,'医学/药学类考试','jd',NULL,3,23,0,0),(3776,3285,'医疗器械及使用','jd',NULL,3,24,0,0),(3777,3286,'自然科学总论','jd',NULL,3,20,0,0),(3778,3286,'自然科学丛书、文集、连续性出版物','jd',NULL,3,21,0,0),(3779,3286,'自然科学文献检索','jd',NULL,3,19,0,0),(3780,3286,'非线性科学','jd',NULL,3,18,0,0),(3781,3286,'数学','jd',NULL,3,3,0,0),(3782,3286,'力学','jd',NULL,3,4,0,0),(3783,3286,'物理学','jd',NULL,3,5,0,0),(3784,3286,'化学','jd',NULL,3,6,0,0),(3785,3286,'晶体学','jd',NULL,3,7,0,0),(3786,3286,'天文学','jd',NULL,3,8,0,0),(3787,3286,'测绘学','jd',NULL,3,9,0,0),(3788,3286,'地球物理学','jd',NULL,3,10,0,0),(3789,3286,'大气科学','jd',NULL,3,11,0,0),(3790,3286,'地质学','jd',NULL,3,12,0,0),(3791,3286,'海洋学','jd',NULL,3,13,0,0),(3792,3286,'地理学','jd',NULL,3,14,0,0),(3793,3286,'生物科学','jd',NULL,3,15,0,0),(3794,3286,'环境科学','jd',NULL,3,16,0,0),(3797,3287,'编程语言与程序设计','jd',NULL,3,1,0,0),(3798,3287,'软件工程及软件方法学','jd',NULL,3,2,0,0),(3799,3287,'数据库','jd',NULL,3,3,0,0),(3800,3287,'操作系统','jd',NULL,3,4,0,0),(3801,3287,'计算机安全','jd',NULL,3,22,0,0),(3802,3287,'计算机控制与仿真','jd',NULL,3,26,0,0),(3803,3287,'网络与通信','jd',NULL,3,5,0,0),(3804,3287,'人工智能','jd',NULL,3,24,0,0),(3805,3287,'图形图像/多媒体','jd',NULL,3,7,0,0),(3806,3287,'网页制作/Web技术','jd',NULL,3,8,0,0),(3807,3287,'辅助设计与工程计算','jd',NULL,3,19,0,0),(3808,3287,'考试认证','jd',NULL,3,13,0,0),(3809,3287,'移动开发','jd',NULL,3,23,0,0),(3810,3287,'游戏开发','jd',NULL,3,14,0,0),(3811,3287,'硬件与维护','jd',NULL,3,15,0,0),(3812,3287,'信息系统','jd',NULL,3,20,0,0),(3813,3287,'计算机理论、基础知识','jd',NULL,3,21,0,0),(3814,3287,'办公软件','jd',NULL,3,6,0,0),(3815,3287,'专用软件','jd',NULL,3,12,0,0),(3816,3287,'计算机工具书','jd',NULL,3,17,0,0),(3817,3287,'电子商务','jd',NULL,3,9,0,0),(3818,3287,'新手学电脑','jd',NULL,3,25,0,0),(3819,3287,'大数据与云计算','jd',NULL,3,18,0,0),(3820,3287,'IT人文/互联网','jd',NULL,3,10,0,0),(3821,3288,'体育理论与教学','jd',NULL,3,11,0,0),(3822,3288,'规则/裁判','jd',NULL,3,14,0,0),(3823,3288,'奥林匹克','jd',NULL,3,13,0,0),(3824,3288,'运动会','jd',NULL,3,12,0,0),(3825,3288,'田径/体操','jd',NULL,3,9,0,0),(3826,3288,'棋牌','jd',NULL,3,2,0,0),(3827,3288,'球类运动','jd',NULL,3,4,0,0),(3828,3288,'太极/武术/气功','jd',NULL,3,1,0,0),(3829,3288,'跆拳道/拳击','jd',NULL,3,3,0,0),(3830,3288,'水上运动','jd',NULL,3,7,0,0),(3831,3288,'休闲运动','jd',NULL,3,6,0,0),(3832,3288,'极限运动','jd',NULL,3,8,0,0),(3833,3288,'电子竞技','jd',NULL,3,5,0,0),(3834,3288,'其他运动','jd',NULL,3,10,0,0),(3836,3289,'小学通用','jd',NULL,3,7,0,0),(3837,3289,'中小学作文辅导','jd',NULL,3,19,0,0),(3838,3289,'中小学工具书','jd',NULL,3,24,0,0),(3839,3289,'中小学课外读物','jd',NULL,3,23,0,0),(3841,3289,'初中通用','jd',NULL,3,12,0,0),(3842,3289,'高中通用','jd',NULL,3,17,0,0),(3849,3289,'奥数/竞赛','jd',NULL,3,21,0,0),(3870,3290,'成人高考/自考','jd',NULL,3,30,0,0),(3874,3290,'计算机考试','jd',NULL,3,16,0,0),(3875,3290,'汉语/小语种考试','jd',NULL,3,23,0,0),(3876,3290,'会计类考试','jd',NULL,3,13,0,0),(3877,3290,'其他资格/职称考试','jd',NULL,3,31,0,0),(3878,3291,'中小学英语','jd',NULL,3,20,0,0),(3879,3291,'俄语','jd',NULL,3,30,0,0),(3880,3291,'儿童英语','jd',NULL,3,21,0,0),(3881,3291,'其他小语种','jd',NULL,3,33,0,0),(3882,3291,'对外汉语','jd',NULL,3,34,0,0),(3883,3291,'外语教学/学术著作','jd',NULL,3,37,0,0),(3884,3291,'外语期刊','jd',NULL,3,36,0,0),(3885,3291,'大学英语','jd',NULL,3,23,0,0),(3886,3291,'德语','jd',NULL,3,29,0,0),(3887,3291,'日语','jd',NULL,3,27,0,0),(3888,3291,'生活实用英语','jd',NULL,3,2,0,0),(3889,3291,'法语','jd',NULL,3,31,0,0),(3890,3291,'英语综合教程','jd',NULL,3,6,0,0),(3891,3291,'职业/行业英语','jd',NULL,3,7,0,0),(3892,3291,'其它英语考试','jd',NULL,3,18,0,0),(3893,3291,'英语读物','jd',NULL,3,1,0,0),(3894,3291,'西班牙语','jd',NULL,3,32,0,0),(3895,3291,'词典与工具书','jd',NULL,3,19,0,0),(3897,3291,'韩语','jd',NULL,3,28,0,0),(3898,3291,'高职高专英语','jd',NULL,3,24,0,0),(3899,3291,'英语专项训练','jd',NULL,3,5,0,0),(3923,3294,'汉语字典','jd',NULL,3,1,0,0),(3927,3294,'英汉/汉英词典','jd',NULL,3,5,0,0),(3937,3294,'汉语词典','jd',NULL,3,2,0,0),(4758,1713,'杂志/期刊','jd',NULL,2,42,0,1),(4760,3263,'笑话/幽默','jd',NULL,3,15,0,0),(4761,3263,'绘本','jd',NULL,3,3,0,0),(4762,3263,'美术/书法','jd',NULL,3,12,0,0),(4764,3287,'单片机与嵌入式','jd',NULL,3,16,0,0),(4765,3289,'学习方法/报考指南','jd',NULL,3,33,0,0),(4766,3289,'小学一年级','jd',NULL,3,1,0,0),(4767,3289,'小学二年级','jd',NULL,3,2,0,0),(4768,3289,'小学三年级','jd',NULL,3,3,0,0),(4769,3289,'小学四年级','jd',NULL,3,4,0,0),(4770,3289,'小学五年级','jd',NULL,3,5,0,0),(4771,3289,'小学六年级','jd',NULL,3,6,0,0),(4772,3289,'小学升初中','jd',NULL,3,8,0,0),(4773,3289,'初一/七年级','jd',NULL,3,9,0,0),(4774,3289,'初二/八年级','jd',NULL,3,10,0,0),(4775,3289,'初三/九年级','jd',NULL,3,11,0,0),(4776,3289,'中考','jd',NULL,3,13,0,0),(4777,3289,'高一','jd',NULL,3,14,0,0),(4778,3289,'高二','jd',NULL,3,15,0,0),(4779,3289,'高三','jd',NULL,3,16,0,0),(4780,3289,'高考','jd',NULL,3,18,0,0),(4781,3289,'教师用书','jd',NULL,3,25,0,0),(4787,3262,'艺术类考试','jd',NULL,3,13,0,0),(4800,4758,'家居','jd',NULL,3,4,0,0),(4801,4758,'财经管理','jd',NULL,3,8,0,0),(4802,4758,'科普','jd',NULL,3,21,0,0),(4803,4758,'旅游地理','jd',NULL,3,2,0,0),(4804,4758,'母婴育儿','jd',NULL,3,6,0,0),(4805,4758,'男士','jd',NULL,3,18,0,0),(4807,4758,'汽车','jd',NULL,3,17,0,0),(4810,4758,'生活休闲','jd',NULL,3,5,0,0),(4811,4758,'时尚/美妆','jd',NULL,3,1,0,0),(4812,4758,'数码/计算机','jd',NULL,3,12,0,0),(4813,4758,'体育运动','jd',NULL,3,16,0,0),(4814,4758,'外语','jd',NULL,3,19,0,0),(4815,4758,'文学文摘','jd',NULL,3,3,0,0),(4816,4758,'新闻/人物','jd',NULL,3,7,0,0),(4855,1713,'进口原版','jd',NULL,2,43,0,1),(4856,4855,'Arts & Photography（艺术与摄影）','jd',NULL,3,1,0,0),(4857,4855,'Biographies & Memoirs（传记与自传）','jd',NULL,3,2,0,0),(4858,4855,'Business & Investing（商业与投资）','jd',NULL,3,3,0,0),(4859,4855,'Children\'s Books（儿童图书）','jd',NULL,3,4,0,0),(4860,4855,'China Interest（中国主题）','jd',NULL,3,30,0,0),(4861,4855,'Comics & Graphic Novels（动漫与绘画小说）','jd',NULL,3,5,0,0),(4862,4855,'Computers & Internet（计算机与网络）','jd',NULL,3,6,0,0),(4863,4855,'Cooking, Food & Wine（烹调，食品与酒类）','jd',NULL,3,7,0,0),(4864,4855,'ELT（英语学习）','jd',NULL,3,8,0,0),(4865,4855,'Entertainment（休闲娱乐）','jd',NULL,3,9,0,0),(4866,4855,'Health, Mind & Body（身心健康）','jd',NULL,3,10,0,0),(4867,4855,'History（历史）','jd',NULL,3,11,0,0),(4868,4855,'Home & Garden（家居与园艺）','jd',NULL,3,12,0,0),(4869,4855,'Law（法律）','jd',NULL,3,13,0,0),(4870,4855,'Literature & Fiction（文学与虚构类）','jd',NULL,3,14,0,0),(4871,4855,'Medicine（医学）','jd',NULL,3,15,0,0),(4872,4855,'Mystery & Thrillers（神秘与惊悚）','jd',NULL,3,16,0,0),(4873,4855,'Nonfiction（非虚构类）','jd',NULL,3,17,0,0),(4875,4855,'Parenting & Families（养育与家庭）','jd',NULL,3,18,0,0),(4876,4855,'Professional & Technical（专业与技术类）','jd',NULL,3,19,0,0),(4877,4855,'Reference（参考书）','jd',NULL,3,20,0,0),(4878,4855,'Religion & Spirituality（宗教与精神生活）','jd',NULL,3,22,0,0),(4879,4855,'Romance（浪漫小说）','jd',NULL,3,23,0,0),(4880,4855,'Science Fiction & Fantasy（科幻文学与玄幻）','jd',NULL,3,24,0,0),(4881,4855,'Science（科学）','jd',NULL,3,25,0,0),(4882,4855,'Self-Help（励志自助）','jd',NULL,3,26,0,0),(4883,4855,'Standard Test（标准考试）','jd',NULL,3,21,0,0),(4884,4855,'Sports & Outdoors(运动/户外)','jd',NULL,3,27,0,0),(4885,4855,'Teens（青少年读物）','jd',NULL,3,28,0,0),(4886,4855,'Travel（旅游）','jd',NULL,3,29,0,0),(4887,4855,'Audio Books（有声读物）','jd',NULL,3,31,0,0),(4889,4855,'Others（其他）','jd',NULL,3,35,0,0),(6569,3258,'科幻小说','jd',NULL,3,10,0,0),(6570,3259,'戏剧曲艺','jd',NULL,3,11,0,0),(6571,3261,'人物合集','jd',NULL,3,18,0,0),(6572,3267,'智力与谋略','jd',NULL,3,20,0,0),(6578,3270,'婴幼儿保健护理','jd',NULL,3,8,0,0),(6579,3273,'地方史志','jd',NULL,3,6,0,0),(6580,3276,'公共管理','jd',NULL,3,12,0,0),(6581,3282,'冶金工业','jd',NULL,3,13,0,0),(6582,3282,'机械、仪表工业','jd',NULL,3,3,0,0),(6583,3282,'水利水电','jd',NULL,3,18,0,0),(6584,3282,'电工电气','jd',NULL,3,2,0,0),(6585,3282,'矿业工程','jd',NULL,3,12,0,0),(6586,3282,'能源与动力工程','jd',NULL,3,8,0,0),(6587,3282,'航空、航天','jd',NULL,3,9,0,0),(6589,3285,'医院管理','jd',NULL,3,25,0,0),(6590,3286,'安全科学','jd',NULL,3,17,0,0),(6591,3287,'数码产品攻略','jd',NULL,3,11,0,0),(6592,3289,'字帖','jd',NULL,3,22,0,0),(6594,3290,'国家公务员','jd',NULL,3,1,0,0),(6595,3290,'地方公务员','jd',NULL,3,2,0,0),(6600,3290,'事业单位考试','jd',NULL,3,7,0,0),(6601,3290,'考研政治','jd',NULL,3,8,0,0),(6602,3290,'考研英语','jd',NULL,3,9,0,0),(6603,3290,'考研数学','jd',NULL,3,10,0,0),(6605,3290,'考研专业课','jd',NULL,3,12,0,0),(6606,3290,'同等学力考试','jd',NULL,3,24,0,0),(6607,3290,'MBA/MPA/MPACC','jd',NULL,3,25,0,0),(6608,3290,'GCT（工程硕士）联考','jd',NULL,3,26,0,0),(6609,3290,'法硕/金融联考','jd',NULL,3,27,0,0),(6610,3290,'在职硕士考试','jd',NULL,3,28,0,0),(6611,3290,'博士生入学考试','jd',NULL,3,29,0,0),(6613,3290,'证券从业资格考试','jd',NULL,3,14,0,0),(6614,3290,'其他经管类考试','jd',NULL,3,15,0,0),(6615,3290,'司法考试','jd',NULL,3,17,0,0),(6616,3290,'医学类考试','jd',NULL,3,19,0,0),(6617,3290,'工程类考试','jd',NULL,3,20,0,0),(6621,3291,'英语口语','jd',NULL,3,3,0,0),(6622,3291,'英语词汇','jd',NULL,3,4,0,0),(6623,3291,'考研英语','jd',NULL,3,8,0,0),(6624,3291,'英语四/六级考试（CET-4/6）','jd',NULL,3,9,0,0),(6625,3291,'英语专业四/八级考试','jd',NULL,3,10,0,0),(6626,3291,'雅思IELTS','jd',NULL,3,11,0,0),(6627,3291,'托福TOEFL','jd',NULL,3,12,0,0),(6628,3291,'托业TOEIC','jd',NULL,3,13,0,0),(6629,3291,'剑桥商务英语考试BEC','jd',NULL,3,14,0,0),(6630,3291,'GRE/GMAT','jd',NULL,3,15,0,0),(6631,3291,'高校英语应用能力考试','jd',NULL,3,16,0,0),(6632,3291,'全国公共英语等级考试（PETS）','jd',NULL,3,17,0,0),(6633,3291,'研究生英语','jd',NULL,3,22,0,0),(6634,3291,'意大利语','jd',NULL,3,25,0,0),(6635,3291,'老外读本','jd',NULL,3,26,0,0),(6636,3291,'留学指南','jd',NULL,3,35,0,0),(6638,3296,'套装书','jd',NULL,3,5,0,0),(6643,4758,'艺术/摄影/设计','jd',NULL,3,11,0,0),(6644,4758,'健康美食','jd',NULL,3,9,0,0),(6645,4758,'行业刊物','jd',NULL,3,14,0,0),(6646,4758,'社会万象','jd',NULL,3,15,0,0),(6647,4758,'政治法律','jd',NULL,3,13,0,0),(6648,4758,'影视动漫','jd',NULL,3,10,0,0),(6649,4758,'历史','jd',NULL,3,20,0,0),(6929,1713,'港台图书','jd',NULL,2,44,0,1),(6930,6929,'藝術/設計','jd',NULL,3,1,0,0),(6931,6929,'繪畫/書法','jd',NULL,3,3,0,0),(6932,6929,'動漫/繪本','jd',NULL,3,4,0,0),(6933,6929,'攝影','jd',NULL,3,5,0,0),(6934,6929,'旅遊/人文','jd',NULL,3,6,0,0),(6935,6929,'居家生活','jd',NULL,3,19,0,0),(6936,6929,'裝飾裝修','jd',NULL,3,20,0,0),(6937,6929,'娛樂時尚','jd',NULL,3,21,0,0),(6938,6929,'美容瘦身','jd',NULL,3,22,0,0),(6939,6929,'生活DIY','jd',NULL,3,17,0,0),(6940,6929,'美食與酒','jd',NULL,3,18,0,0),(6941,6929,'婚戀兩性','jd',NULL,3,16,0,0),(6942,6929,'家庭育兒','jd',NULL,3,15,0,0),(6943,6929,'體育/健身/保健','jd',NULL,3,23,0,0),(6944,6929,'小說','jd',NULL,3,10,0,0),(6945,6929,'國學','jd',NULL,3,7,0,0),(6948,6929,'文學','jd',NULL,3,9,0,0),(6954,6929,'經濟管理','jd',NULL,3,11,0,0),(6955,6929,'自然科學','jd',NULL,3,24,0,0),(6956,6929,'工業/建築/計算機','jd',NULL,3,25,0,0),(6957,6929,'文化/學術','jd',NULL,3,8,0,0),(6958,6929,'勵志成功','jd',NULL,3,13,0,0),(6959,6929,'其他圖書','jd',NULL,3,27,0,0),(9265,3270,'家教理论','jd',NULL,3,1,0,0),(9266,3270,'家教方法','jd',NULL,3,2,0,0),(9267,3270,'素质教育','jd',NULL,3,3,0,0),(9268,3270,'心理疏导','jd',NULL,3,4,0,0),(9269,3270,',','jd',NULL,3,5,0,0),(9270,3270,'养育女孩','jd',NULL,3,6,0,0),(9271,3271,'地球仪','jd',NULL,3,16,0,0),(9272,3271,'挂图/折叠图','jd',NULL,3,17,0,0),(9273,3271,'中国地图','jd',NULL,3,18,0,0),(9274,3271,'世界地图','jd',NULL,3,19,0,0),(9275,3271,'分省/区域/城市地图','jd',NULL,3,20,0,0),(9276,3271,'全国高速公路/铁路地图','jd',NULL,3,21,0,0),(9277,3271,'国家/区域地理地图','jd',NULL,3,22,0,0),(9278,1713,'烹饪/美食','jd',NULL,2,47,0,1),(9279,9278,'家常菜谱','jd',NULL,3,1,0,0),(9280,9278,'烘焙甜品','jd',NULL,3,1,0,0),(9281,9278,'养生食疗','jd',NULL,3,2,0,0),(9282,9278,'茶酒饮品','jd',NULL,3,2,0,0),(9283,9278,'“三高”人群食谱','jd',NULL,3,3,0,0),(9284,9278,'糖尿病人食谱','jd',NULL,3,3,0,0),(9285,9278,'地方美食','jd',NULL,3,4,0,0),(9286,9278,'饮食文化','jd',NULL,3,4,0,0),(9287,9278,'日韩料理','jd',NULL,3,5,0,0),(9288,9278,'西餐','jd',NULL,3,5,0,0),(9289,9278,'美食地图','jd',NULL,3,6,0,0),(9290,9278,'厨师用书','jd',NULL,3,7,0,0),(9291,1713,'时尚/美妆','jd',NULL,2,48,0,1),(9292,9291,'美容护肤','jd',NULL,3,1,0,0),(9293,9291,'彩妆/美发/美甲','jd',NULL,3,1,0,0),(9294,9291,'减肥瘦身','jd',NULL,3,2,0,0),(9295,9291,'服饰搭配','jd',NULL,3,3,0,0),(9296,9291,'品牌/奢侈品','jd',NULL,3,3,0,0),(9297,9291,'男人时尚','jd',NULL,3,4,0,0),(9298,9291,'时尚女人','jd',NULL,3,5,0,0),(9299,9291,'时尚生活','jd',NULL,3,5,0,0),(9300,9291,'时尚杂志','jd',NULL,3,5,0,0),(9301,1713,'家居','jd',NULL,2,49,0,1),(9302,9301,'家装家饰','jd',NULL,3,1,0,0),(9303,9301,'居家安全','jd',NULL,3,2,0,0),(9304,9301,'家庭园艺','jd',NULL,3,2,0,0),(9305,9301,'宠物','jd',NULL,3,2,0,0),(9306,9301,'爱车一族','jd',NULL,3,3,0,0),(9307,9301,'生活指南','jd',NULL,3,3,0,0),(9308,9301,'收藏鉴赏','jd',NULL,3,4,0,0),(9309,1713,'婚恋与两性','jd',NULL,2,50,0,1),(9310,9309,'恋爱','jd',NULL,3,1,0,0),(9311,9309,'婚姻','jd',NULL,3,2,0,0),(9312,9309,'两性关系','jd',NULL,3,3,0,0),(9313,9309,'性知识','jd',NULL,3,3,0,0),(9314,1713,'娱乐/休闲','jd',NULL,2,51,0,1),(9315,9314,'手工DIY','jd',NULL,3,1,0,0),(9316,9314,'风水/占卜','jd',NULL,3,1,0,0),(9317,9314,'星座运程','jd',NULL,3,2,0,0),(9318,9314,'心理测试','jd',NULL,3,2,0,0),(9319,9314,'休闲游戏','jd',NULL,3,3,0,0),(9320,9314,'起名','jd',NULL,3,4,0,0),(9321,3274,'宗教普及读物','jd',NULL,3,21,0,0),(9322,3274,'宗教经典著作','jd',NULL,3,21,0,0),(9323,3274,'佛教原典','jd',NULL,3,22,0,0),(9324,3274,'佛教研究著作','jd',NULL,3,23,0,0),(9325,3274,'藏传佛教','jd',NULL,3,24,0,0),(9326,3274,'佛教名家作品','jd',NULL,3,24,0,0),(9327,3274,'宗教术数','jd',NULL,3,24,0,0),(9328,3274,'基督教','jd',NULL,3,25,0,0),(9329,3274,'宗教艺术','jd',NULL,3,25,0,0),(9330,3274,'天主教','jd',NULL,3,26,0,0),(9331,3274,'宗教理论与概况','jd',NULL,3,26,0,0),(9332,3274,'犹太教','jd',NULL,3,26,0,0),(9333,3274,'宗教神话与传说','jd',NULL,3,27,0,0),(9334,3274,'道教','jd',NULL,3,28,0,0),(9335,3274,'伊斯兰教','jd',NULL,3,29,0,0),(9336,3274,'其他宗教','jd',NULL,3,29,0,0),(9337,3281,'教育','jd',NULL,3,2,0,0),(9338,3281,'新闻出版/档案管理','jd',NULL,3,3,0,0),(9339,3281,'语言文字','jd',NULL,3,4,0,0),(9340,1713,'科普读物','jd',NULL,2,52,0,1),(9341,9340,'科普图鉴','jd',NULL,3,1,0,0),(9342,9340,'地球科学','jd',NULL,3,1,0,0),(9343,9340,'数理化','jd',NULL,3,2,0,0),(9344,9340,'天文航天','jd',NULL,3,2,0,0),(9345,9340,'生物世界','jd',NULL,3,3,0,0),(9346,9340,'神秘现象','jd',NULL,3,3,0,0),(9347,9340,'科学史话','jd',NULL,3,4,0,0),(9348,9340,'人类故事','jd',NULL,3,4,0,0),(9349,9340,'百科知识','jd',NULL,3,5,0,0),(9350,9340,'儿童科普','jd',NULL,3,5,0,0),(9351,1713,'电子与通信','jd',NULL,2,53,0,1),(9352,9351,'基础与理论','jd',NULL,3,1,0,0),(9353,9351,'通信','jd',NULL,3,2,0,0),(9354,9351,'基本电子电路','jd',NULL,3,3,0,0),(9355,9351,'无线通信','jd',NULL,3,3,0,0),(9356,9351,'微电子学、集成电路(IC)','jd',NULL,3,4,0,0),(9357,9351,'移动通信','jd',NULL,3,4,0,0),(9358,9351,'电子元件、组件','jd',NULL,3,5,0,0),(9359,9351,'无线电设备、电信设备','jd',NULL,3,5,0,0),(9360,9351,'半导体技术','jd',NULL,3,6,0,0),(9361,9351,'电视','jd',NULL,3,7,0,0),(9362,9351,'真空电子技术','jd',NULL,3,7,0,0),(9363,9351,'广播','jd',NULL,3,8,0,0),(9364,9351,'光电子技术、激光技术','jd',NULL,3,8,0,0),(9365,9351,'雷达','jd',NULL,3,9,0,0),(9366,9351,'电子对抗（干扰及抗干扰）','jd',NULL,3,10,0,0),(9367,9351,'无线电导航','jd',NULL,3,11,0,0),(9368,1713,'农业/林业','jd',NULL,2,34,0,1),(9369,9368,'农业基础科学','jd',NULL,3,1,0,0),(9370,9368,'农业工程','jd',NULL,3,2,0,0),(9371,9368,'农艺学','jd',NULL,3,2,0,0),(9372,9368,'农作物','jd',NULL,3,3,0,0),(9373,9368,'植物保护','jd',NULL,3,3,0,0),(9374,9368,'林业','jd',NULL,3,4,0,0),(9375,9368,'园艺','jd',NULL,3,4,0,0),(9376,9368,'畜牧、狩猎、蚕、蜂','jd',NULL,3,5,0,0),(9377,9368,'动物医学','jd',NULL,3,6,0,0),(9378,9368,'水产、渔业','jd',NULL,3,6,0,0),(9379,6929,'收藏/鑒賞','jd',NULL,3,2,0,0),(9380,6929,'金融投資','jd',NULL,3,12,0,0),(9381,6929,'少兒','jd',NULL,3,14,0,0),(9382,6929,'醫學','jd',NULL,3,26,0,0),(9949,3275,'经部','jd',NULL,3,1,0,0),(9950,3275,'史部','jd',NULL,3,3,0,0),(9951,3275,'子部','jd',NULL,3,5,0,0),(9952,3275,'集部','jd',NULL,3,7,0,0),(9953,3275,'四库全书','jd',NULL,3,9,0,0),(9954,3275,'国学名家','jd',NULL,3,11,0,0),(9955,3275,'线装书','jd',NULL,3,13,0,0),(10009,3262,'连环画','jd',NULL,3,5,0,0),(10827,3272,'绘本','jd',NULL,3,7,0,0),(10828,3272,'轻小说','jd',NULL,3,8,0,0),(11047,1713,'大中专教材教辅','jd',NULL,2,38,0,1),(11048,11047,'大学教材','jd',NULL,3,1,0,0),(11049,11047,'研究生教材','jd',NULL,3,2,0,0),(11050,11047,'高职高专教材','jd',NULL,3,3,0,0),(11051,11047,'中职中专教材','jd',NULL,3,4,0,0),(11052,11047,'成人教育教材','jd',NULL,3,5,0,0),(11053,11047,'竞赛','jd',NULL,3,6,0,0),(11054,11047,'职业培训教材','jd',NULL,3,7,0,0),(11745,1713,'文化用品','jd',NULL,2,47,0,1),(11746,11745,'文房四宝','jd',NULL,3,1,0,0),(11747,11745,'笔类/书写工具','jd',NULL,3,2,0,0),(11748,11745,'纸品/印刷制品','jd',NULL,3,3,0,0),(11749,11745,'金石篆刻','jd',NULL,3,4,0,0),(11750,11745,'教学/展示用品','jd',NULL,3,5,0,0),(11751,11745,'字画','jd',NULL,3,6,0,0),(11752,11745,'画具/画材/雕塑','jd',NULL,3,7,0,0),(11753,11745,'文体/棋牌','jd',NULL,3,8,0,0),(11754,11745,'动漫周边','jd',NULL,3,9,0,0),(11755,11745,'游戏/模型','jd',NULL,3,10,0,0),(11756,11745,'电教/儿童教育','jd',NULL,3,11,0,0),(11757,11745,'票/币/卡/章','jd',NULL,3,12,0,0),(11758,11745,'文玩/工艺品','jd',NULL,3,13,0,0),(11759,11745,'其他文化用品','jd',NULL,3,14,0,0),(12081,3263,'玩具书','jd',NULL,3,8,0,0),(12082,3294,'成语词典','jd',NULL,3,3,0,0),(12083,3294,'中小学工具书','jd',NULL,3,4,0,0),(12084,3294,'日语词典','jd',NULL,3,6,0,0),(12085,3294,'韩语词典','jd',NULL,3,7,0,0),(12086,3294,'德语词典','jd',NULL,3,8,0,0),(12087,3294,'法语词典','jd',NULL,3,9,0,0),(12088,3294,'其他语种词典','jd',NULL,3,10,0,0),(12096,3290,'银行类考试','jd',NULL,3,32,0,0),(12097,3290,'注册税务师','jd',NULL,3,33,0,0),(12098,3290,'教师类考试','jd',NULL,3,35,0,0),(12411,3263,'儿童期刊','jd',NULL,3,22,0,0),(12775,1713,'绘画','jd',NULL,2,6,0,1),(12776,1713,'摄影','jd',NULL,2,6,0,1),(12777,12775,'国画赏析','jd',NULL,3,1,0,0),(12778,12775,'素描/速写','jd',NULL,3,2,0,0),(12779,12775,'水粉/水彩','jd',NULL,3,3,0,0),(12780,12775,'彩铅/铅笔画','jd',NULL,3,4,0,0),(12781,12775,'油画赏析','jd',NULL,3,5,0,0),(12782,12775,'其他绘画','jd',NULL,3,6,0,0),(12783,12775,'名家画集','jd',NULL,3,7,0,0),(12784,12775,'绘画技法','jd',NULL,3,8,0,0),(12785,12775,'绘画理论','jd',NULL,3,9,0,0),(12786,12775,'美术考试','jd',NULL,3,10,0,0),(12787,12776,'摄影技法','jd',NULL,3,1,0,0),(12788,12776,'摄影器材指南','jd',NULL,3,2,0,0),(12789,12776,'后期处理','jd',NULL,3,3,0,0),(12790,12776,'摄影理论','jd',NULL,3,4,0,0),(12791,12776,'摄影集/图册','jd',NULL,3,5,0,0),(12792,12776,'分类摄影','jd',NULL,3,6,0,0),(13605,3261,'国学大师','jd',NULL,3,16,0,0),(13606,3261,'教育家','jd',NULL,3,17,0,0),(13607,3272,'游戏/动漫同人漫画','jd',NULL,3,11,0,0),(13608,3272,'名著漫画版','jd',NULL,3,12,0,0),(13609,3266,'互联网+','jd',NULL,3,19,0,0),(13610,3275,'礼品书','jd',NULL,3,14,0,0),(13611,3275,'古籍工具书','jd',NULL,3,18,0,0),(13612,3275,'古籍整理','jd',NULL,3,8,0,0),(13613,1713,'孕产/胎教','jd',NULL,2,12,0,1),(13614,13613,'孕前准备','jd',NULL,3,1,0,0),(13615,13613,'孕期','jd',NULL,3,2,0,0),(13616,13613,'胎教','jd',NULL,3,3,0,0),(13617,13613,'产后','jd',NULL,3,4,0,0),(13618,13613,'孕产妇饮食/保健','jd',NULL,3,5,0,0),(13619,3265,'互联网金融','jd',NULL,3,16,0,0),(13620,3264,'智能经济','jd',NULL,3,16,0,0),(13621,3267,'财富智慧','jd',NULL,3,23,0,0),(13622,3267,'出国/留学','jd',NULL,3,24,0,0),(13623,3260,'古代言情','jd',NULL,3,2,0,0),(13624,3288,'冰雪运动','jd',NULL,3,7,0,0),(13625,3291,'职称英语','jd',NULL,3,7,0,0),(13626,3280,'文化随笔','jd',NULL,3,14,0,0),(13627,1713,'书法','jd',NULL,2,6,0,1),(13628,13627,'字帖','jd',NULL,3,1,0,0),(13629,13627,'碑帖','jd',NULL,3,2,0,0),(13630,13627,'硬笔书法','jd',NULL,3,3,0,0),(13631,13627,'书法理论','jd',NULL,3,4,0,0),(13632,13627,'技法/教程','jd',NULL,3,5,0,0),(13633,13627,'书法赏析','jd',NULL,3,6,0,0),(13634,1713,'音乐','jd',NULL,2,6,0,1),(13635,13634,'钢琴','jd',NULL,3,1,0,0),(13636,13634,'吉他','jd',NULL,3,2,0,0),(13637,13634,'提琴','jd',NULL,3,3,0,0),(13638,13634,'二胡','jd',NULL,3,4,0,0),(13639,13634,'器乐','jd',NULL,3,5,0,0),(13640,13634,'声乐','jd',NULL,3,6,0,0),(13641,13634,'歌谱曲谱','jd',NULL,3,7,0,0),(13642,13634,'音乐理论','jd',NULL,3,8,0,0),(13643,13634,'音乐赏析','jd',NULL,3,9,0,0),(13644,4855,'小语种','jd',NULL,3,33,0,0),(13645,3274,'哲学史','jd',NULL,3,18,0,0),(13646,3289,'幼小衔接','jd',NULL,3,26,0,0),(13647,12775,'绘画史','jd',NULL,3,9,0,0),(13648,12775,'简笔画','jd',NULL,3,4,0,0),(13649,12775,'国画技法','jd',NULL,3,1,0,0),(13650,12775,'油画技法','jd',NULL,3,5,0,0),(13651,12776,'光线与构图','jd',NULL,3,7,0,0),(13652,12776,'人物摄影','jd',NULL,3,8,0,0),(13653,12776,'景物摄影','jd',NULL,3,9,0,0),(13675,3263,'AR/VR','jd',NULL,3,16,0,0);

/*!40101 SET SQL_MODE=@OLD_SQL_MODE */;
/*!40014 SET FOREIGN_KEY_CHECKS=@OLD_FOREIGN_KEY_CHECKS */;
/*!40014 SET UNIQUE_CHECKS=@OLD_UNIQUE_CHECKS */;
/*!40111 SET SQL_NOTES=@OLD_SQL_NOTES */;
